Sector,Stock_Name,Yahoo_Symbol
AUTO,Ashok Leyland Ltd.,ASHOKLEY.NS
AUTO,Bajaj Auto Ltd.,BAJAJ-AUTO.NS
AUTO,Bharat Forge Ltd.,BHARATFORG.NS
AUTO,Bosch Ltd.,BOSCHLTD.NS
AUTO,Eicher Motors Ltd.,EICHERMOT.NS
AUTO,Exide Industries Ltd.,EXIDEIND.NS
AUTO,Hero MotoCorp Ltd.,HEROMOTOCO.NS
AUTO,Mahindra & Mahindra Ltd.,M&M.NS
AUTO,Maruti Suzuki India Ltd.,MARUTI.NS
AUTO,Samvardhana Motherson International Ltd.,MOTHERSON.NS
AUTO,Sona BLW Precision Forgings Ltd.,SONACOMS.NS
AUTO,TVS Motor Company Ltd.,TVSMOTOR.NS
AUTO,Tata Motors Passenger Vehicles Ltd.,TMPV.NS
AUTO,Tube Investments of India Ltd.,TIINDIA.NS
AUTO,UNO Minda Ltd.,UNOMINDA.NS
BANK,AU Small Finance Bank Ltd.,AUBANK.NS
BANK,Axis Bank Ltd.,AXISBANK.NS
BANK,Bank of Baroda,BANKBARODA.NS
BANK,Canara Bank,CANBK.NS
BANK,Federal Bank Ltd.,FEDERALBNK.NS
BANK,HDFC Bank Ltd.,HDFCBANK.NS
BANK,ICICI Bank Ltd.,ICICIBANK.NS
BANK,IDFC First Bank Ltd.,IDFCFIRSTB.NS
BANK,IndusInd Bank Ltd.,INDUSINDBK.NS
BANK,Kotak Mahindra Bank Ltd.,KOTAKBANK.NS
BANK,Punjab National Bank,PNB.NS
BANK,State Bank of India,SBIN.NS
BANK,Union Bank of India,UNIONBANK.NS
BANK,Yes Bank Ltd.,YESBANK.NS
CAPITAL_GOODS,ABB India Ltd.,ABB.NS
CAPITAL_GOODS,AIA Engineering Ltd.,AIAENG.NS
CAPITAL_GOODS,APL Apollo Tubes Ltd.,APLAPOLLO.NS
CAPITAL_GOODS,Apar Industries Ltd.,APARINDS.NS
CAPITAL_GOODS,Ashok Leyland Ltd.,ASHOKLEY.NS
CAPITAL_GOODS,Astra Microwave Products Ltd.,ASTRAMICRO.NS
CAPITAL_GOODS,Astral Ltd.,ASTRAL.NS
CAPITAL_GOODS,BEML Ltd.,BEML.NS
CAPITAL_GOODS,Bharat Dynamics Ltd.,BDL.NS
CAPITAL_GOODS,Bharat Electronics Ltd.,BEL.NS
CAPITAL_GOODS,Bharat Heavy Electricals Ltd.,BHEL.NS
CAPITAL_GOODS,CG Power and Industrial Solutions Ltd.,CGPOWER.NS
CAPITAL_GOODS,Carborundum Universal Ltd.,CARBORUNIV.NS
CAPITAL_GOODS,Cochin Shipyard Ltd.,COCHINSHIP.NS
CAPITAL_GOODS,Cummins India Ltd.,CUMMINSIND.NS
CAPITAL_GOODS,Data Patterns (India) Ltd.,DATAPATTNS.NS
CAPITAL_GOODS,Elgi Equipments Ltd.,ELGIEQUIP.NS
CAPITAL_GOODS,Escorts Kubota Ltd.,ESCORTS.NS
CAPITAL_GOODS,Finolex Cables Ltd.,FINCABLES.NS
CAPITAL_GOODS,Finolex Industries Ltd.,FINPIPE.NS
CAPITAL_GOODS,GE Vernova T&D India Ltd.,GVT&D.NS
CAPITAL_GOODS,Garden Reach Shipbuilders & Engineers Ltd.,GRSE.NS
CAPITAL_GOODS,HBL Engineering Ltd.,HBLENGINE.NS
CAPITAL_GOODS,Hindustan Aeronautics Ltd.,HAL.NS
CAPITAL_GOODS,Hitachi Energy India Ltd.,POWERINDIA.NS
CAPITAL_GOODS,Honeywell Automation India Ltd.,HONAUT.NS
CAPITAL_GOODS,Inox Wind Ltd.,INOXWIND.NS
CAPITAL_GOODS,Jyoti CNC Automation Ltd.,JYOTICNC.NS
CAPITAL_GOODS,KEI Industries Ltd.,KEI.NS
CAPITAL_GOODS,Kaynes Technology India Ltd.,KAYNES.NS
CAPITAL_GOODS,Kirloskar Oil Eng Ltd.,KIRLOSENG.NS
CAPITAL_GOODS,Mazagoan Dock Shipbuilders Ltd.,MAZDOCK.NS
CAPITAL_GOODS,PTC Industries Ltd.,PTCIL.NS
CAPITAL_GOODS,Polycab India Ltd.,POLYCAB.NS
CAPITAL_GOODS,Praj Industries Ltd.,PRAJIND.NS
CAPITAL_GOODS,Premier Energies Ltd.,PREMIERENE.NS
CAPITAL_GOODS,Siemens Energy India Ltd.,ENRIN.NS
CAPITAL_GOODS,Siemens Ltd.,SIEMENS.NS
CAPITAL_GOODS,Supreme Industries Ltd.,SUPREMEIND.NS
CAPITAL_GOODS,Suzlon Energy Ltd.,SUZLON.NS
CAPITAL_GOODS,TD Power Systems Ltd.,TDPOWERSYS.NS
CAPITAL_GOODS,Tata Motors Ltd.,TMCV.NS
CAPITAL_GOODS,Thermax Ltd.,THERMAX.NS
CAPITAL_GOODS,Timken India Ltd.,TIMKEN.NS
CAPITAL_GOODS,Titagarh Rail Systems Ltd.,TITAGARH.NS
CAPITAL_GOODS,Triveni Turbine Ltd.,TRITURBINE.NS
CAPITAL_GOODS,Usha Martin Ltd.,USHAMART.NS
CAPITAL_GOODS,Voltamp Transformers Ltd,VOLTAMP.NS
CAPITAL_GOODS,Waaree Energies Ltd.,WAAREEENER.NS
CAPITAL_GOODS,Welspun Corp Ltd.,WELCORP.NS
CEMENT,ACC Ltd.,ACC.NS
CEMENT,Ambuja Cements Ltd.,AMBUJACEM.NS
CEMENT,Birla Corporation Ltd.,BIRLACORPN.NS
CEMENT,Dalmia Bharat Ltd.,DALBHARAT.NS
CEMENT,Grasim Industries Ltd.,GRASIM.NS
CEMENT,India Cements Ltd.,INDIACEM.NS
CEMENT,J.K. Cement Ltd.,JKCEMENT.NS
CEMENT,JK Lakshmi Cement Ltd.,JKLAKSHMI.NS
CEMENT,JSW Cement Ltd.,JSWCEMENT.NS
CEMENT,Nuvoco Vistas Corporation Ltd.,NUVOCO.NS
CEMENT,Orient Cement Ltd.,ORIENTCEM.NS
CEMENT,Prism Johnson Ltd.,PRSMJOHNSN.NS
CEMENT,Shree Cement Ltd.,SHREECEM.NS
CEMENT,Star Cement Ltd.,STARCEMENT.NS
CEMENT,The Ramco Cements Ltd.,RAMCOCEM.NS
CEMENT,UltraTech Cement Ltd.,ULTRACEMCO.NS
CHEMICALS,Aarti Industries Ltd.,AARTIIND.NS
CHEMICALS,Atul Ltd.,ATUL.NS
CHEMICALS,Bayer Cropscience Ltd.,BAYERCROP.NS
CHEMICALS,Chambal Fertilizers & Chemicals Ltd.,CHAMBLFERT.NS
CHEMICALS,Coromandel International Ltd.,COROMANDEL.NS
CHEMICALS,Deepak Nitrite Ltd.,DEEPAKNTR.NS
CHEMICALS,E.I.D. Parry (India) Ltd.,EIDPARRY.NS
CHEMICALS,Gujarat Fluorochemicals Ltd.,FLUOROCHEM.NS
CHEMICALS,Gujarat Narmada Valley Fertilizers and Chemicals Ltd.,GNFC.NS
CHEMICALS,Himadri Speciality Chemical Ltd.,HSCL.NS
CHEMICALS,Linde India Ltd.,LINDEINDIA.NS
CHEMICALS,Navin Fluorine International Ltd.,NAVINFLUOR.NS
CHEMICALS,PCBL Chemical Ltd.,PCBL.NS
CHEMICALS,PI Industries Ltd.,PIIND.NS
CHEMICALS,Pidilite Industries Ltd.,PIDILITIND.NS
CHEMICALS,SRF Ltd.,SRF.NS
CHEMICALS,Solar Industries India Ltd.,SOLARINDS.NS
CHEMICALS,Sumitomo Chemical India Ltd.,SUMICHEM.NS
CHEMICALS,Tata Chemicals Ltd.,TATACHEM.NS
CHEMICALS,UPL Ltd.,UPL.NS
COMMERCIAL_TRANSPORT_SERVICES,Adani Ports and Special Economic Zone Ltd.,ADANIPORTS.NS
COMMERCIAL_TRANSPORT_SERVICES,Awfis Space Solutions Ltd.,AWFIS.NS
COMMERCIAL_TRANSPORT_SERVICES,Blackbuck Ltd.,BLACKBUCK.NS
COMMERCIAL_TRANSPORT_SERVICES,Blue Dart Express Ltd.,BLUEDART.NS
COMMERCIAL_TRANSPORT_SERVICES,CMS Info Systems Ltd.,CMSINFO.NS
COMMERCIAL_TRANSPORT_SERVICES,Container Corporation of India Ltd.,CONCOR.NS
COMMERCIAL_TRANSPORT_SERVICES,Delhivery Ltd.,DELHIVERY.NS
COMMERCIAL_TRANSPORT_SERVICES,Firstsource Solutions Ltd.,FSL.NS
COMMERCIAL_TRANSPORT_SERVICES,GMR Airports Ltd.,GMRAIRPORT.NS
COMMERCIAL_TRANSPORT_SERVICES,Great Eastern Shipping Co. Ltd.,GESHIP.NS
COMMERCIAL_TRANSPORT_SERVICES,Gujarat Pipavav Port Ltd.,GPPL.NS
COMMERCIAL_TRANSPORT_SERVICES,Hemisphere Properties India Ltd.,HEMIPROP.NS
COMMERCIAL_TRANSPORT_SERVICES,Inox Green Energy Services Ltd.,INOXGREEN.NS
COMMERCIAL_TRANSPORT_SERVICES,InterGlobe Aviation Ltd.,INDIGO.NS
COMMERCIAL_TRANSPORT_SERVICES,International Gemological Institute Ltd.,IGIL.NS
COMMERCIAL_TRANSPORT_SERVICES,JSW Infrastructure Ltd.,JSWINFRA.NS
COMMERCIAL_TRANSPORT_SERVICES,MMTC Ltd.,MMTC.NS
COMMERCIAL_TRANSPORT_SERVICES,MSTC Ltd.,MSTCLTD.NS
COMMERCIAL_TRANSPORT_SERVICES,NESCO Ltd.,NESCO.NS
COMMERCIAL_TRANSPORT_SERVICES,Quess Corp Ltd.,QUESS.NS
COMMERCIAL_TRANSPORT_SERVICES,Redington Ltd.,REDINGTON.NS
COMMERCIAL_TRANSPORT_SERVICES,Shipping Corporation of India Ltd.,SCI.NS
COMMERCIAL_TRANSPORT_SERVICES,Smartworks Coworking Spaces Ltd.,SMARTWORKS.NS
COMMERCIAL_TRANSPORT_SERVICES,TVS Supply Chain Solutions Ltd.,TVSSCS.NS
COMMERCIAL_TRANSPORT_SERVICES,WeWork India Management Ltd.,WEWORK.NS
COMMERCIAL_TRANSPORT_SERVICES,eClerx Services Ltd.,ECLERX.NS
CONSTRUCTION,Afcons Infrastructure Ltd.,AFCONS.NS
CONSTRUCTION,Ahluwalia Contracts (India) Ltd.,AHLUCONT.NS
CONSTRUCTION,Ashoka Buildcon Ltd.,ASHOKA.NS
CONSTRUCTION,Cemindia Projects Ltd.,CEMPRO.NS
CONSTRUCTION,Dilip Buildcon Ltd.,DBL.NS
CONSTRUCTION,Engineers India Ltd.,ENGINERSIN.NS
CONSTRUCTION,H.G. Infra Engineering Ltd.,HGINFRA.NS
CONSTRUCTION,Hindustan Construction Co. Ltd.,HCC.NS
CONSTRUCTION,IRB Infrastructure Developers Ltd.,IRB.NS
CONSTRUCTION,IRCON International Ltd.,IRCON.NS
CONSTRUCTION,KNR Constructions Ltd.,KNRCON.NS
CONSTRUCTION,Kalpataru Projects International Ltd.,KPIL.NS
CONSTRUCTION,Kec International Ltd.,KEC.NS
CONSTRUCTION,Larsen & Toubro Ltd.,LT.NS
CONSTRUCTION,NBCC (India) Ltd.,NBCC.NS
CONSTRUCTION,NCC Ltd.,NCC.NS
CONSTRUCTION,PNC Infratech Ltd.,PNCINFRA.NS
CONSTRUCTION,Power Mech Projects Ltd.,POWERMECH.NS
CONSTRUCTION,RITES Ltd.,RITES.NS
CONSTRUCTION,Rail Vikas Nigam Ltd.,RVNL.NS
CONSTRUCTION,Sterling and Wilson Renewable Energy Ltd.,SWSOLAR.NS
CONSTRUCTION,Techno Electric & Engineering Company Ltd.,TECHNOE.NS
CONSTRUCTION,Welspun Enterprises Ltd.,WELENT.NS
CONSUMER_DURABLES,Amber Enterprises India Ltd.,AMBER.NS
CONSUMER_DURABLES,Bata India Ltd.,BATAINDIA.NS
CONSUMER_DURABLES,Blue Star Ltd.,BLUESTARCO.NS
CONSUMER_DURABLES,Crompton Greaves Consumer Electricals Ltd.,CROMPTON.NS
CONSUMER_DURABLES,Dixon Technologies (India) Ltd.,DIXON.NS
CONSUMER_DURABLES,Havells India Ltd.,HAVELLS.NS
CONSUMER_DURABLES,Kajaria Ceramics Ltd.,KAJARIACER.NS
CONSUMER_DURABLES,Kalyan Jewellers India Ltd.,KALYANKJIL.NS
CONSUMER_DURABLES,LG Electronics India Ltd.,LGEINDIA.NS
CONSUMER_DURABLES,PG Electroplast Ltd.,PGEL.NS
CONSUMER_DURABLES,Titan Company Ltd.,TITAN.NS
CONSUMER_DURABLES,Voltas Ltd.,VOLTAS.NS
CONSUMER_DURABLES,Whirlpool of India Ltd.,WHIRLPOOL.NS
CONSUMER_SERVICES,Aditya Birla Fashion and Retail Ltd.,ABFRL.NS
CONSUMER_SERVICES,Aditya Birla Lifestyle Brands Ltd.,ABLBL.NS
CONSUMER_SERVICES,Aditya Vision Ltd.,AVL.NS
CONSUMER_SERVICES,Arvind Fashions Ltd.,ARVINDFASN.NS
CONSUMER_SERVICES,Avenue Supermarts Ltd.,DMART.NS
CONSUMER_SERVICES,BLS International Services Ltd.,BLS.NS
CONSUMER_SERVICES,Brainbees Solutions Ltd.,FIRSTCRY.NS
CONSUMER_SERVICES,Cartrade Tech Ltd.,CARTRADE.NS
CONSUMER_SERVICES,Chalet Hotels Ltd.,CHALET.NS
CONSUMER_SERVICES,Crizac Ltd.,CRIZAC.NS
CONSUMER_SERVICES,Devyani International Ltd.,DEVYANI.NS
CONSUMER_SERVICES,EIH Ltd.,EIHOTEL.NS
CONSUMER_SERVICES,Electronics Mart India Ltd.,EMIL.NS
CONSUMER_SERVICES,Entero Healthcare Solutions Ltd.,ENTERO.NS
CONSUMER_SERVICES,Eternal Ltd.,ETERNAL.NS
CONSUMER_SERVICES,FSN E-Commerce Ventures Ltd.,NYKAA.NS
CONSUMER_SERVICES,ITC Hotels Ltd.,ITCHOTELS.NS
CONSUMER_SERVICES,Indiamart Intermesh Ltd.,INDIAMART.NS
CONSUMER_SERVICES,Indian Hotels Co. Ltd.,INDHOTEL.NS
CONSUMER_SERVICES,Indian Railway Catering And Tourism Corporation Ltd.,IRCTC.NS
CONSUMER_SERVICES,Info Edge (India) Ltd.,NAUKRI.NS
CONSUMER_SERVICES,Jeena Sikho Lifecare Ltd.,JSLL.NS
CONSUMER_SERVICES,Jubilant Foodworks Ltd.,JUBLFOOD.NS
CONSUMER_SERVICES,Justdial Ltd.,JUSTDIAL.NS
CONSUMER_SERVICES,Le Travenues Technology Ltd.,IXIGO.NS
CONSUMER_SERVICES,Leela Palaces Hotels & Resorts Ltd.,THELEELA.NS
CONSUMER_SERVICES,Lemon Tree Hotels Ltd.,LEMONTREE.NS
CONSUMER_SERVICES,Lenskart Solutions Ltd.,LENSKART.NS
CONSUMER_SERVICES,Medplus Health Services Ltd.,MEDPLUS.NS
CONSUMER_SERVICES,Meesho Ltd.,MEESHO.NS
CONSUMER_SERVICES,Physicswallah Ltd.,PWL.NS
CONSUMER_SERVICES,RattanIndia Enterprises Ltd.,RTNINDIA.NS
CONSUMER_SERVICES,Restaurant Brands Asia Ltd.,RBA.NS
CONSUMER_SERVICES,Samhi Hotels Ltd.,SAMHI.NS
CONSUMER_SERVICES,Sapphire Foods India Ltd.,SAPPHIRE.NS
CONSUMER_SERVICES,Swiggy Ltd.,SWIGGY.NS
CONSUMER_SERVICES,TBO Tek Ltd.,TBOTEK.NS
CONSUMER_SERVICES,Thomas Cook (India) Ltd.,THOMASCOOK.NS
CONSUMER_SERVICES,Travel Food Services Ltd.,TRAVELFOOD.NS
CONSUMER_SERVICES,Trent Ltd.,TRENT.NS
CONSUMER_SERVICES,Urban Company Ltd.,URBANCO.NS
CONSUMER_SERVICES,V-Mart Retail Ltd.,VMART.NS
CONSUMER_SERVICES,V2 Retail Ltd.,V2RETAIL.NS
CONSUMER_SERVICES,Vedant Fashions Ltd.,MANYAVAR.NS
CONSUMER_SERVICES,Vishal Mega Mart Ltd.,VMM.NS
CONSUMER_SERVICES,Westlife Foodworld Ltd.,WESTLIFE.NS
FINANCIAL_SERVICES,Axis Bank Ltd.,AXISBANK.NS
FINANCIAL_SERVICES,BSE Ltd.,BSE.NS
FINANCIAL_SERVICES,Bajaj Finance Ltd.,BAJFINANCE.NS
FINANCIAL_SERVICES,Bajaj Finserv Ltd.,BAJAJFINSV.NS
FINANCIAL_SERVICES,Cholamandalam Investment and Finance Company Ltd.,CHOLAFIN.NS
FINANCIAL_SERVICES,HDFC Bank Ltd.,HDFCBANK.NS
FINANCIAL_SERVICES,HDFC Life Insurance Company Ltd.,HDFCLIFE.NS
FINANCIAL_SERVICES,ICICI Bank Ltd.,ICICIBANK.NS
FINANCIAL_SERVICES,ICICI Lombard General Insurance Company Ltd.,ICICIGI.NS
FINANCIAL_SERVICES,Jio Financial Services Ltd.,JIOFIN.NS
FINANCIAL_SERVICES,Kotak Mahindra Bank Ltd.,KOTAKBANK.NS
FINANCIAL_SERVICES,LIC Housing Finance Ltd.,LICHSGFIN.NS
FINANCIAL_SERVICES,Max Financial Services Ltd.,MFSL.NS
FINANCIAL_SERVICES,Muthoot Finance Ltd.,MUTHOOTFIN.NS
FINANCIAL_SERVICES,Power Finance Corporation Ltd.,PFC.NS
FINANCIAL_SERVICES,REC Ltd.,RECLTD.NS
FINANCIAL_SERVICES,SBI Cards and Payment Services Ltd.,SBICARD.NS
FINANCIAL_SERVICES,SBI Life Insurance Company Ltd.,SBILIFE.NS
FINANCIAL_SERVICES,Shriram Finance Ltd.,SHRIRAMFIN.NS
FINANCIAL_SERVICES,State Bank of India,SBIN.NS
FINANCIAL_SERVICES_25_50,Axis Bank Ltd.,AXISBANK.NS
FINANCIAL_SERVICES_25_50,BSE Ltd.,BSE.NS
FINANCIAL_SERVICES_25_50,Bajaj Finance Ltd.,BAJFINANCE.NS
FINANCIAL_SERVICES_25_50,Bajaj Finserv Ltd.,BAJAJFINSV.NS
FINANCIAL_SERVICES_25_50,Cholamandalam Investment and Finance Company Ltd.,CHOLAFIN.NS
FINANCIAL_SERVICES_25_50,HDFC Bank Ltd.,HDFCBANK.NS
FINANCIAL_SERVICES_25_50,HDFC Life Insurance Company Ltd.,HDFCLIFE.NS
FINANCIAL_SERVICES_25_50,ICICI Bank Ltd.,ICICIBANK.NS
FINANCIAL_SERVICES_25_50,ICICI Lombard General Insurance Company Ltd.,ICICIGI.NS
FINANCIAL_SERVICES_25_50,Jio Financial Services Ltd.,JIOFIN.NS
FINANCIAL_SERVICES_25_50,Kotak Mahindra Bank Ltd.,KOTAKBANK.NS
FINANCIAL_SERVICES_25_50,LIC Housing Finance Ltd.,LICHSGFIN.NS
FINANCIAL_SERVICES_25_50,Max Financial Services Ltd.,MFSL.NS
FINANCIAL_SERVICES_25_50,Muthoot Finance Ltd.,MUTHOOTFIN.NS
FINANCIAL_SERVICES_25_50,Power Finance Corporation Ltd.,PFC.NS
FINANCIAL_SERVICES_25_50,REC Ltd.,RECLTD.NS
FINANCIAL_SERVICES_25_50,SBI Cards and Payment Services Ltd.,SBICARD.NS
FINANCIAL_SERVICES_25_50,SBI Life Insurance Company Ltd.,SBILIFE.NS
FINANCIAL_SERVICES_25_50,Shriram Finance Ltd.,SHRIRAMFIN.NS
FINANCIAL_SERVICES_25_50,State Bank of India,SBIN.NS
FINANCIAL_SERVICES_EX_BANK,360 ONE WAM Ltd.,360ONE.NS
FINANCIAL_SERVICES_EX_BANK,Aditya Birla Capital Ltd.,ABCAPITAL.NS
FINANCIAL_SERVICES_EX_BANK,Angel One Ltd.,ANGELONE.NS
FINANCIAL_SERVICES_EX_BANK,BSE Ltd.,BSE.NS
FINANCIAL_SERVICES_EX_BANK,Bajaj Finance Ltd.,BAJFINANCE.NS
FINANCIAL_SERVICES_EX_BANK,Bajaj Finserv Ltd.,BAJAJFINSV.NS
FINANCIAL_SERVICES_EX_BANK,Bajaj Holdings & Investment Ltd.,BAJAJHLDNG.NS
FINANCIAL_SERVICES_EX_BANK,Central Depository Services (India) Ltd.,CDSL.NS
FINANCIAL_SERVICES_EX_BANK,Cholamandalam Investment and Finance Company Ltd.,CHOLAFIN.NS
FINANCIAL_SERVICES_EX_BANK,Computer Age Management Services Ltd.,CAMS.NS
FINANCIAL_SERVICES_EX_BANK,HDFC Asset Management Company Ltd.,HDFCAMC.NS
FINANCIAL_SERVICES_EX_BANK,HDFC Life Insurance Company Ltd.,HDFCLIFE.NS
FINANCIAL_SERVICES_EX_BANK,ICICI Lombard General Insurance Company Ltd.,ICICIGI.NS
FINANCIAL_SERVICES_EX_BANK,ICICI Prudential Life Insurance Company Ltd.,ICICIPRULI.NS
FINANCIAL_SERVICES_EX_BANK,Indian Railway Finance Corporation Ltd.,IRFC.NS
FINANCIAL_SERVICES_EX_BANK,Jio Financial Services Ltd.,JIOFIN.NS
FINANCIAL_SERVICES_EX_BANK,L&T Finance Ltd.,LTF.NS
FINANCIAL_SERVICES_EX_BANK,LIC Housing Finance Ltd.,LICHSGFIN.NS
FINANCIAL_SERVICES_EX_BANK,Life Insurance Corporation of India,LICI.NS
FINANCIAL_SERVICES_EX_BANK,Max Financial Services Ltd.,MFSL.NS
FINANCIAL_SERVICES_EX_BANK,Multi Commodity Exchange of India Ltd.,MCX.NS
FINANCIAL_SERVICES_EX_BANK,Muthoot Finance Ltd.,MUTHOOTFIN.NS
FINANCIAL_SERVICES_EX_BANK,One 97 Communications Ltd.,PAYTM.NS
FINANCIAL_SERVICES_EX_BANK,PB Fintech Ltd.,POLICYBZR.NS
FINANCIAL_SERVICES_EX_BANK,PNB Housing Finance Ltd.,PNBHOUSING.NS
FINANCIAL_SERVICES_EX_BANK,Power Finance Corporation Ltd.,PFC.NS
FINANCIAL_SERVICES_EX_BANK,REC Ltd.,RECLTD.NS
FINANCIAL_SERVICES_EX_BANK,SBI Cards and Payment Services Ltd.,SBICARD.NS
FINANCIAL_SERVICES_EX_BANK,SBI Life Insurance Company Ltd.,SBILIFE.NS
FINANCIAL_SERVICES_EX_BANK,Shriram Finance Ltd.,SHRIRAMFIN.NS
FMCG,Britannia Industries Ltd.,BRITANNIA.NS
FMCG,Colgate Palmolive (India) Ltd.,COLPAL.NS
FMCG,Dabur India Ltd.,DABUR.NS
FMCG,Emami Ltd.,EMAMILTD.NS
FMCG,Godrej Consumer Products Ltd.,GODREJCP.NS
FMCG,Hindustan Unilever Ltd.,HINDUNILVR.NS
FMCG,ITC Ltd.,ITC.NS
FMCG,Marico Ltd.,MARICO.NS
FMCG,Nestle India Ltd.,NESTLEIND.NS
FMCG,Patanjali Foods Ltd.,PATANJALI.NS
FMCG,Radico Khaitan Ltd,RADICO.NS
FMCG,Tata Consumer Products Ltd.,TATACONSUM.NS
FMCG,United Breweries Ltd.,UBL.NS
FMCG,United Spirits Ltd.,UNITDSPR.NS
FMCG,Varun Beverages Ltd.,VBL.NS
HEALTHCARE,Abbott India Ltd.,ABBOTINDIA.NS
HEALTHCARE,Alkem Laboratories Ltd.,ALKEM.NS
HEALTHCARE,Apollo Hospitals Enterprise Ltd.,APOLLOHOSP.NS
HEALTHCARE,Aurobindo Pharma Ltd.,AUROPHARMA.NS
HEALTHCARE,Biocon Ltd.,BIOCON.NS
HEALTHCARE,Cipla Ltd.,CIPLA.NS
HEALTHCARE,Divi's Laboratories Ltd.,DIVISLAB.NS
HEALTHCARE,Dr. Reddy's Laboratories Ltd.,DRREDDY.NS
HEALTHCARE,Fortis Healthcare Ltd.,FORTIS.NS
HEALTHCARE,Glenmark Pharmaceuticals Ltd.,GLENMARK.NS
HEALTHCARE,Ipca Laboratories Ltd.,IPCALAB.NS
HEALTHCARE,Laurus Labs Ltd.,LAURUSLABS.NS
HEALTHCARE,Lupin Ltd.,LUPIN.NS
HEALTHCARE,Mankind Pharma Ltd.,MANKIND.NS
HEALTHCARE,Max Healthcare Institute Ltd.,MAXHEALTH.NS
HEALTHCARE,Piramal Pharma Ltd.,PPLPHARMA.NS
HEALTHCARE,Sun Pharmaceutical Industries Ltd.,SUNPHARMA.NS
HEALTHCARE,Syngene International Ltd.,SYNGENE.NS
HEALTHCARE,Torrent Pharmaceuticals Ltd.,TORNTPHARM.NS
HEALTHCARE,Zydus Lifesciences Ltd.,ZYDUSLIFE.NS
HOSPITALS,Apollo Hospitals Enterprise Ltd.,APOLLOHOSP.NS
HOSPITALS,Aster DM Healthcare Ltd.,ASTERDM.NS
HOSPITALS,Dr. Agarwal's Health Care Ltd.,AGARWALEYE.NS
HOSPITALS,Fortis Healthcare Ltd.,FORTIS.NS
HOSPITALS,Global Health Ltd.,MEDANTA.NS
HOSPITALS,Healthcare Global Enterprises Ltd.,HCG.NS
HOSPITALS,Jupiter Life Line Hospitals Ltd.,JLHL.NS
HOSPITALS,Krishna Institute of Medical Sciences Ltd.,KIMS.NS
HOSPITALS,Max Healthcare Institute Ltd.,MAXHEALTH.NS
HOSPITALS,Narayana Hrudayalaya Ltd.,NH.NS
HOSPITALS,Park Medi World Ltd.,PARKHOSPS.NS
HOSPITALS,Rainbow Childrens Medicare Ltd.,RAINBOW.NS
HOSPITALS,Yatharth Hospital & Trauma Care Services Ltd.,YATHARTH.NS
HOUSING_FINANCE,Aadhar Housing Finance Ltd.,AADHARHFC.NS
HOUSING_FINANCE,Aavas Financiers Ltd.,AAVAS.NS
HOUSING_FINANCE,Aptus Value Housing Finance India Ltd.,APTUS.NS
HOUSING_FINANCE,Bajaj Housing Finance Ltd.,BAJAJHFL.NS
HOUSING_FINANCE,Can Fin Homes Ltd.,CANFINHOME.NS
HOUSING_FINANCE,Home First Finance Company India Ltd.,HOMEFIRST.NS
HOUSING_FINANCE,India Shelter Finance Corporation Ltd.,INDIASHLTR.NS
HOUSING_FINANCE,LIC Housing Finance Ltd.,LICHSGFIN.NS
HOUSING_FINANCE,PNB Housing Finance Ltd.,PNBHOUSING.NS
HOUSING_FINANCE,Sammaan Capital Ltd.,SAMMAANCAP.NS
INSURANCE,Canara HSBC Life Insurance Company Ltd.,CANHLIFE.NS
INSURANCE,General Insurance Corporation of India,GICRE.NS
INSURANCE,Go Digit General Insurance Ltd.,GODIGIT.NS
INSURANCE,HDFC Life Insurance Company Ltd.,HDFCLIFE.NS
INSURANCE,ICICI Lombard General Insurance Company Ltd.,ICICIGI.NS
INSURANCE,ICICI Prudential Life Insurance Company Ltd.,ICICIPRULI.NS
INSURANCE,Life Insurance Corporation of India,LICI.NS
INSURANCE,Max Financial Services Ltd.,MFSL.NS
INSURANCE,Niva Bupa Health Insurance Company Ltd.,NIVABUPA.NS
INSURANCE,SBI Life Insurance Company Ltd.,SBILIFE.NS
INSURANCE,Star Health and Allied Insurance Company Ltd.,STARHEALTH.NS
INSURANCE,The New India Assurance Company Ltd.,NIACL.NS
IT,Coforge Ltd.,COFORGE.NS
IT,HCL Technologies Ltd.,HCLTECH.NS
IT,Infosys Ltd.,INFY.NS
IT,LTM Ltd.,LTM.NS
IT,MphasiS Ltd.,MPHASIS.NS
IT,Oracle Financial Services Software Ltd.,OFSS.NS
IT,Persistent Systems Ltd.,PERSISTENT.NS
IT,Tata Consultancy Services Ltd.,TCS.NS
IT,Tech Mahindra Ltd.,TECHM.NS
IT,Wipro Ltd.,WIPRO.NS
MEDIA,D.B.Corp Ltd.,DBCORP.NS
MEDIA,Hathway Cable & Datacom Ltd.,HATHWAY.NS
MEDIA,Nazara Technologies Ltd.,NAZARA.NS
MEDIA,Network18 Media & Investments Ltd.,NETWORK18.NS
MEDIA,PVR INOX Ltd.,PVRINOX.NS
MEDIA,Prime Focus Ltd.,PFOCUS.NS
MEDIA,Saregama India Ltd,SAREGAMA.NS
MEDIA,Sun TV Network Ltd.,SUNTV.NS
MEDIA,Tips Music Ltd.,TIPSMUSIC.NS
MEDIA,Zee Entertainment Enterprises Ltd.,ZEEL.NS
METAL,APL Apollo Tubes Ltd.,APLAPOLLO.NS
METAL,Adani Enterprises Ltd.,ADANIENT.NS
METAL,Hindalco Industries Ltd.,HINDALCO.NS
METAL,Hindustan Copper Ltd.,HINDCOPPER.NS
METAL,Hindustan Zinc Ltd.,HINDZINC.NS
METAL,JSW Steel Ltd.,JSWSTEEL.NS
METAL,Jindal Stainless Ltd.,JSL.NS
METAL,Jindal Steel Ltd.,JINDALSTEL.NS
METAL,Lloyds Metals And Energy Ltd.,LLOYDSME.NS
METAL,NMDC Ltd.,NMDC.NS
METAL,National Aluminium Co. Ltd.,NATIONALUM.NS
METAL,Steel Authority of India Ltd.,SAIL.NS
METAL,Tata Steel Ltd.,TATASTEEL.NS
METAL,Vedanta Ltd.,VEDL.NS
METAL,Welspun Corp Ltd.,WELCORP.NS
MIDSMALL_FINANCIAL_SERVICES,360 ONE WAM Ltd.,360ONE.NS
MIDSMALL_FINANCIAL_SERVICES,AU Small Finance Bank Ltd.,AUBANK.NS
MIDSMALL_FINANCIAL_SERVICES,Aditya Birla Capital Ltd.,ABCAPITAL.NS
MIDSMALL_FINANCIAL_SERVICES,Angel One Ltd.,ANGELONE.NS
MIDSMALL_FINANCIAL_SERVICES,BSE Ltd.,BSE.NS
MIDSMALL_FINANCIAL_SERVICES,Bandhan Bank Ltd.,BANDHANBNK.NS
MIDSMALL_FINANCIAL_SERVICES,Bank of India,BANKINDIA.NS
MIDSMALL_FINANCIAL_SERVICES,Central Depository Services (India) Ltd.,CDSL.NS
MIDSMALL_FINANCIAL_SERVICES,Computer Age Management Services Ltd.,CAMS.NS
MIDSMALL_FINANCIAL_SERVICES,Federal Bank Ltd.,FEDERALBNK.NS
MIDSMALL_FINANCIAL_SERVICES,Housing & Urban Development Corporation Ltd.,HUDCO.NS
MIDSMALL_FINANCIAL_SERVICES,ICICI Lombard General Insurance Company Ltd.,ICICIGI.NS
MIDSMALL_FINANCIAL_SERVICES,ICICI Prudential Life Insurance Company Ltd.,ICICIPRULI.NS
MIDSMALL_FINANCIAL_SERVICES,IDFC First Bank Ltd.,IDFCFIRSTB.NS
MIDSMALL_FINANCIAL_SERVICES,Indian Bank,INDIANB.NS
MIDSMALL_FINANCIAL_SERVICES,Indian Energy Exchange Ltd.,IEX.NS
MIDSMALL_FINANCIAL_SERVICES,IndusInd Bank Ltd.,INDUSINDBK.NS
MIDSMALL_FINANCIAL_SERVICES,Kfin Technologies Ltd.,KFINTECH.NS
MIDSMALL_FINANCIAL_SERVICES,L&T Finance Ltd.,LTF.NS
MIDSMALL_FINANCIAL_SERVICES,LIC Housing Finance Ltd.,LICHSGFIN.NS
MIDSMALL_FINANCIAL_SERVICES,Life Insurance Corporation of India,LICI.NS
MIDSMALL_FINANCIAL_SERVICES,Manappuram Finance Ltd.,MANAPPURAM.NS
MIDSMALL_FINANCIAL_SERVICES,Max Financial Services Ltd.,MFSL.NS
MIDSMALL_FINANCIAL_SERVICES,Multi Commodity Exchange of India Ltd.,MCX.NS
MIDSMALL_FINANCIAL_SERVICES,One 97 Communications Ltd.,PAYTM.NS
MIDSMALL_FINANCIAL_SERVICES,PB Fintech Ltd.,POLICYBZR.NS
MIDSMALL_FINANCIAL_SERVICES,PNB Housing Finance Ltd.,PNBHOUSING.NS
MIDSMALL_FINANCIAL_SERVICES,RBL Bank Ltd.,RBLBANK.NS
MIDSMALL_FINANCIAL_SERVICES,SBI Cards and Payment Services Ltd.,SBICARD.NS
MIDSMALL_FINANCIAL_SERVICES,Yes Bank Ltd.,YESBANK.NS
MIDSMALL_HEALTHCARE,Abbott India Ltd.,ABBOTINDIA.NS
MIDSMALL_HEALTHCARE,Acutaas Chemicals Ltd.,ACUTAAS.NS
MIDSMALL_HEALTHCARE,Ajanta Pharmaceuticals Ltd.,AJANTPHARM.NS
MIDSMALL_HEALTHCARE,Alkem Laboratories Ltd.,ALKEM.NS
MIDSMALL_HEALTHCARE,Aster DM Quality Care Ltd.,ASTERDM.NS
MIDSMALL_HEALTHCARE,Aurobindo Pharma Ltd.,AUROPHARMA.NS
MIDSMALL_HEALTHCARE,Biocon Ltd.,BIOCON.NS
MIDSMALL_HEALTHCARE,Cohance Lifesciences Ltd.,COHANCE.NS
MIDSMALL_HEALTHCARE,Dr. Lal Path Labs Ltd.,LALPATHLAB.NS
MIDSMALL_HEALTHCARE,Fortis Healthcare Ltd.,FORTIS.NS
MIDSMALL_HEALTHCARE,Gland Pharma Ltd.,GLAND.NS
MIDSMALL_HEALTHCARE,Glaxosmithkline Pharmaceuticals Ltd.,GLAXO.NS
MIDSMALL_HEALTHCARE,Glenmark Pharmaceuticals Ltd.,GLENMARK.NS
MIDSMALL_HEALTHCARE,Global Health Ltd.,MEDANTA.NS
MIDSMALL_HEALTHCARE,Granules India Ltd.,GRANULES.NS
MIDSMALL_HEALTHCARE,Ipca Laboratories Ltd.,IPCALAB.NS
MIDSMALL_HEALTHCARE,Krishna Institute of Medical Sciences Ltd.,KIMS.NS
MIDSMALL_HEALTHCARE,Laurus Labs Ltd.,LAURUSLABS.NS
MIDSMALL_HEALTHCARE,Lupin Ltd.,LUPIN.NS
MIDSMALL_HEALTHCARE,Mankind Pharma Ltd.,MANKIND.NS
MIDSMALL_HEALTHCARE,NATCO Pharma Ltd.,NATCOPHARM.NS
MIDSMALL_HEALTHCARE,Narayana Hrudayalaya Ltd.,NH.NS
MIDSMALL_HEALTHCARE,Neuland Laboratories Ltd.,NEULANDLAB.NS
MIDSMALL_HEALTHCARE,Onesource Specialty Pharma Ltd.,ONESOURCE.NS
MIDSMALL_HEALTHCARE,Pfizer Ltd.,PFIZER.NS
MIDSMALL_HEALTHCARE,Piramal Pharma Ltd.,PPLPHARMA.NS
MIDSMALL_HEALTHCARE,Poly Medicure Ltd.,POLYMED.NS
MIDSMALL_HEALTHCARE,Sai Life Sciences Ltd.,SAILIFE.NS
MIDSMALL_HEALTHCARE,Syngene International Ltd.,SYNGENE.NS
MIDSMALL_HEALTHCARE,Wockhardt Ltd.,WOCKPHARMA.NS
MIDSMALL_IT_TELECOM,Affle 3i Ltd.,AFFLE.NS
MIDSMALL_IT_TELECOM,Bharti Hexacom Ltd.,BHARTIHEXA.NS
MIDSMALL_IT_TELECOM,Coforge Ltd.,COFORGE.NS
MIDSMALL_IT_TELECOM,Cyient Ltd.,CYIENT.NS
MIDSMALL_IT_TELECOM,HFCL Ltd.,HFCL.NS
MIDSMALL_IT_TELECOM,Hexaware Technologies Ltd.,HEXT.NS
MIDSMALL_IT_TELECOM,Indus Towers Ltd.,INDUSTOWER.NS
MIDSMALL_IT_TELECOM,Intellect Design Arena Ltd.,INTELLECT.NS
MIDSMALL_IT_TELECOM,KPIT Technologies Ltd.,KPITTECH.NS
MIDSMALL_IT_TELECOM,L&T Technology Services Ltd.,LTTS.NS
MIDSMALL_IT_TELECOM,MphasiS Ltd.,MPHASIS.NS
MIDSMALL_IT_TELECOM,Oracle Financial Services Software Ltd.,OFSS.NS
MIDSMALL_IT_TELECOM,Persistent Systems Ltd.,PERSISTENT.NS
MIDSMALL_IT_TELECOM,Sagility Ltd.,SAGILITY.NS
MIDSMALL_IT_TELECOM,Sonata Software Ltd.,SONATSOFTW.NS
MIDSMALL_IT_TELECOM,Tata Communications Ltd.,TATACOMM.NS
MIDSMALL_IT_TELECOM,Tata Elxsi Ltd.,TATAELXSI.NS
MIDSMALL_IT_TELECOM,Tata Technologies Ltd.,TATATECH.NS
MIDSMALL_IT_TELECOM,Vodafone Idea Ltd.,IDEA.NS
MIDSMALL_IT_TELECOM,Zensar Technolgies Ltd.,ZENSARTECH.NS
NBFC,Authum Investment & Infrastructure Ltd.,AIIL.NS
NBFC,Bajaj Finance Ltd.,BAJFINANCE.NS
NBFC,Capri Global Capital Ltd.,CGCL.NS
NBFC,Cholamandalam Investment and Finance Company Ltd.,CHOLAFIN.NS
NBFC,Fedbank Financial Services Ltd.,FEDFINA.NS
NBFC,Five-Star Business Finance Ltd.,FIVESTAR.NS
NBFC,HDB Financial Services Ltd.,HDBFS.NS
NBFC,IIFL Finance Ltd.,IIFL.NS
NBFC,L&T Finance Ltd.,LTF.NS
NBFC,Mahindra & Mahindra Financial Services Ltd.,M&MFIN.NS
NBFC,Manappuram Finance Ltd.,MANAPPURAM.NS
NBFC,Muthoot Finance Ltd.,MUTHOOTFIN.NS
NBFC,Piramal Finance Ltd.,PIRAMALFIN.NS
NBFC,Poonawalla Fincorp Ltd.,POONAWALLA.NS
NBFC,SBFC Finance Ltd.,SBFC.NS
NBFC,SBI Cards and Payment Services Ltd.,SBICARD.NS
NBFC,Shriram Finance Ltd.,SHRIRAMFIN.NS
NBFC,Sundaram Finance Ltd.,SUNDARMFIN.NS
NBFC,Tata Capital Ltd.,TATACAP.NS
NIFTY500_HEALTHCARE,Abbott India Ltd.,ABBOTINDIA.NS
NIFTY500_HEALTHCARE,Ajanta Pharmaceuticals Ltd.,AJANTPHARM.NS
NIFTY500_HEALTHCARE,Alembic Pharmaceuticals Ltd.,APLLTD.NS
NIFTY500_HEALTHCARE,Alivus Life Sciences Ltd.,ALIVUS.NS
NIFTY500_HEALTHCARE,Alkem Laboratories Ltd.,ALKEM.NS
NIFTY500_HEALTHCARE,Apollo Hospitals Enterprise Ltd.,APOLLOHOSP.NS
NIFTY500_HEALTHCARE,Aster DM Healthcare Ltd.,ASTERDM.NS
NIFTY500_HEALTHCARE,AstraZenca Pharma India Ltd.,ASTRAZEN.NS
NIFTY500_HEALTHCARE,Aurobindo Pharma Ltd.,AUROPHARMA.NS
NIFTY500_HEALTHCARE,Biocon Ltd.,BIOCON.NS
NIFTY500_HEALTHCARE,Caplin Point Laboratories Ltd.,CAPLIPOINT.NS
NIFTY500_HEALTHCARE,Cipla Ltd.,CIPLA.NS
NIFTY500_HEALTHCARE,Cohance Lifesciences Ltd.,COHANCE.NS
NIFTY500_HEALTHCARE,Concord Biotech Ltd.,CONCORDBIO.NS
NIFTY500_HEALTHCARE,Divi's Laboratories Ltd.,DIVISLAB.NS
NIFTY500_HEALTHCARE,Dr. Lal Path Labs Ltd.,LALPATHLAB.NS
NIFTY500_HEALTHCARE,Dr. Reddy's Laboratories Ltd.,DRREDDY.NS
NIFTY500_HEALTHCARE,Emcure Pharmaceuticals Ltd.,EMCURE.NS
NIFTY500_HEALTHCARE,Eris Lifesciences Ltd.,ERIS.NS
NIFTY500_HEALTHCARE,Fortis Healthcare Ltd.,FORTIS.NS
NIFTY500_HEALTHCARE,Gland Pharma Ltd.,GLAND.NS
NIFTY500_HEALTHCARE,Glaxosmithkline Pharmaceuticals Ltd.,GLAXO.NS
NIFTY500_HEALTHCARE,Glenmark Pharmaceuticals Ltd.,GLENMARK.NS
NIFTY500_HEALTHCARE,Global Health Ltd.,MEDANTA.NS
NIFTY500_HEALTHCARE,Granules India Ltd.,GRANULES.NS
NIFTY500_HEALTHCARE,Indegene Ltd.,INDGN.NS
NIFTY500_HEALTHCARE,Ipca Laboratories Ltd.,IPCALAB.NS
NIFTY500_HEALTHCARE,J.B. Chemicals & Pharmaceuticals Ltd.,JBCHEPHARM.NS
NIFTY500_HEALTHCARE,Jubilant Pharmova Ltd.,JUBLPHARMA.NS
NIFTY500_HEALTHCARE,Krishna Institute of Medical Sciences Ltd.,KIMS.NS
NIFTY500_HEALTHCARE,Laurus Labs Ltd.,LAURUSLABS.NS
NIFTY500_HEALTHCARE,Lupin Ltd.,LUPIN.NS
NIFTY500_HEALTHCARE,Mankind Pharma Ltd.,MANKIND.NS
NIFTY500_HEALTHCARE,Max Healthcare Institute Ltd.,MAXHEALTH.NS
NIFTY500_HEALTHCARE,Metropolis Healthcare Ltd.,METROPOLIS.NS
NIFTY500_HEALTHCARE,NATCO Pharma Ltd.,NATCOPHARM.NS
NIFTY500_HEALTHCARE,Narayana Hrudayalaya Ltd.,NH.NS
NIFTY500_HEALTHCARE,Neuland Laboratories Ltd.,NEULANDLAB.NS
NIFTY500_HEALTHCARE,Pfizer Ltd.,PFIZER.NS
NIFTY500_HEALTHCARE,Piramal Pharma Ltd.,PPLPHARMA.NS
NIFTY500_HEALTHCARE,Poly Medicure Ltd.,POLYMED.NS
NIFTY500_HEALTHCARE,Rainbow Childrens Medicare Ltd.,RAINBOW.NS
NIFTY500_HEALTHCARE,Sai Life Sciences Ltd.,SAILIFE.NS
NIFTY500_HEALTHCARE,Sun Pharmaceutical Industries Ltd.,SUNPHARMA.NS
NIFTY500_HEALTHCARE,Syngene International Ltd.,SYNGENE.NS
NIFTY500_HEALTHCARE,Torrent Pharmaceuticals Ltd.,TORNTPHARM.NS
NIFTY500_HEALTHCARE,Vijaya Diagnostic Centre Ltd.,VIJAYA.NS
NIFTY500_HEALTHCARE,Zydus Lifesciences Ltd.,ZYDUSLIFE.NS
OIL_GAS,Adani Total Gas Ltd.,ATGL.NS
OIL_GAS,Aegis Logistics Ltd.,AEGISLOG.NS
OIL_GAS,Aegis Vopak Terminals Ltd.,AEGISVOPAK.NS
OIL_GAS,Bharat Petroleum Corporation Ltd.,BPCL.NS
OIL_GAS,Castrol India Ltd.,CASTROLIND.NS
OIL_GAS,Chennai Petroleum Corporation Ltd.,CHENNPETRO.NS
OIL_GAS,GAIL (India) Ltd.,GAIL.NS
OIL_GAS,Hindustan Petroleum Corporation Ltd.,HINDPETRO.NS
OIL_GAS,Indian Oil Corporation Ltd.,IOC.NS
OIL_GAS,Indraprastha Gas Ltd.,IGL.NS
OIL_GAS,Mahanagar Gas Ltd.,MGL.NS
OIL_GAS,Oil & Natural Gas Corporation Ltd.,ONGC.NS
OIL_GAS,Oil India Ltd.,OIL.NS
OIL_GAS,Petronet LNG Ltd.,PETRONET.NS
OIL_GAS,Reliance Industries Ltd.,RELIANCE.NS
PHARMA,Abbott India Ltd.,ABBOTINDIA.NS
PHARMA,Ajanta Pharmaceuticals Ltd.,AJANTPHARM.NS
PHARMA,Alkem Laboratories Ltd.,ALKEM.NS
PHARMA,Aurobindo Pharma Ltd.,AUROPHARMA.NS
PHARMA,Biocon Ltd.,BIOCON.NS
PHARMA,Cipla Ltd.,CIPLA.NS
PHARMA,Divi's Laboratories Ltd.,DIVISLAB.NS
PHARMA,Dr. Reddy's Laboratories Ltd.,DRREDDY.NS
PHARMA,Gland Pharma Ltd.,GLAND.NS
PHARMA,Glenmark Pharmaceuticals Ltd.,GLENMARK.NS
PHARMA,Ipca Laboratories Ltd.,IPCALAB.NS
PHARMA,Laurus Labs Ltd.,LAURUSLABS.NS
PHARMA,Lupin Ltd.,LUPIN.NS
PHARMA,Mankind Pharma Ltd.,MANKIND.NS
PHARMA,Piramal Pharma Ltd.,PPLPHARMA.NS
PHARMA,Sai Life Sciences Ltd.,SAILIFE.NS
PHARMA,Sun Pharmaceutical Industries Ltd.,SUNPHARMA.NS
PHARMA,Torrent Pharmaceuticals Ltd.,TORNTPHARM.NS
PHARMA,Wockhardt Ltd.,WOCKPHARMA.NS
PHARMA,Zydus Lifesciences Ltd.,ZYDUSLIFE.NS
POWER,ACME Solar Holdings Ltd.,ACMESOLAR.NS
POWER,Adani Energy Solutions Ltd.,ADANIENSOL.NS
POWER,Adani Green Energy Ltd.,ADANIGREEN.NS
POWER,Adani Power Ltd.,ADANIPOWER.NS
POWER,CESC Ltd.,CESC.NS
POWER,GMR Power and Urban Infra Ltd.,GMRP&UI.NS
POWER,JSW Energy Ltd.,JSWENERGY.NS
POWER,Jaiprakash Power Ventures Ltd.,JPPOWER.NS
POWER,KPI Green Energy Ltd.,KPIGREEN.NS
POWER,NHPC Ltd.,NHPC.NS
POWER,NLC India Ltd.,NLCINDIA.NS
POWER,NTPC Green Energy Ltd.,NTPCGREEN.NS
POWER,NTPC Ltd.,NTPC.NS
POWER,Nava Ltd.,NAVA.NS
POWER,PTC India Ltd.,PTC.NS
POWER,Power Grid Corporation of India Ltd.,POWERGRID.NS
POWER,RattanIndia Power Ltd.,RTNPOWER.NS
POWER,Reliance Power Ltd.,RPOWER.NS
POWER,SJVN Ltd.,SJVN.NS
POWER,Tata Power Co. Ltd.,TATAPOWER.NS
POWER,Torrent Power Ltd.,TORNTPOWER.NS
PRIVATE_BANK,Axis Bank Ltd.,AXISBANK.NS
PRIVATE_BANK,Bandhan Bank Ltd.,BANDHANBNK.NS
PRIVATE_BANK,Federal Bank Ltd.,FEDERALBNK.NS
PRIVATE_BANK,HDFC Bank Ltd.,HDFCBANK.NS
PRIVATE_BANK,ICICI Bank Ltd.,ICICIBANK.NS
PRIVATE_BANK,IDFC First Bank Ltd.,IDFCFIRSTB.NS
PRIVATE_BANK,IndusInd Bank Ltd.,INDUSINDBK.NS
PRIVATE_BANK,Kotak Mahindra Bank Ltd.,KOTAKBANK.NS
PRIVATE_BANK,RBL Bank Ltd.,RBLBANK.NS
PRIVATE_BANK,Yes Bank Ltd.,YESBANK.NS
PSU_BANK,Bank of Baroda,BANKBARODA.NS
PSU_BANK,Bank of India,BANKINDIA.NS
PSU_BANK,Bank of Maharashtra,MAHABANK.NS
PSU_BANK,Canara Bank,CANBK.NS
PSU_BANK,Central Bank of India,CENTRALBK.NS
PSU_BANK,Indian Bank,INDIANB.NS
PSU_BANK,Indian Overseas Bank,IOB.NS
PSU_BANK,Punjab & Sind Bank,PSB.NS
PSU_BANK,Punjab National Bank,PNB.NS
PSU_BANK,State Bank of India,SBIN.NS
PSU_BANK,UCO Bank,UCOBANK.NS
PSU_BANK,Union Bank of India,UNIONBANK.NS
REALTY,Aditya Birla Real Estate Ltd.,ABREL.NS
REALTY,Anant Raj Ltd.,ANANTRAJ.NS
REALTY,Brigade Enterprises Ltd.,BRIGADE.NS
REALTY,DLF Ltd.,DLF.NS
REALTY,Godrej Properties Ltd.,GODREJPROP.NS
REALTY,Lodha Developers Ltd.,LODHA.NS
REALTY,Oberoi Realty Ltd.,OBEROIRLTY.NS
REALTY,Phoenix Mills Ltd.,PHOENIXLTD.NS
REALTY,Prestige Estates Projects Ltd.,PRESTIGE.NS
REALTY,Sobha Ltd.,SOBHA.NS
REITS_REALTY,Aditya Birla Real Estate Ltd.,ABREL.NS
REITS_REALTY,Anant Raj Ltd.,ANANTRAJ.NS
REITS_REALTY,Brigade Enterprises Ltd.,BRIGADE.NS
REITS_REALTY,Brookfield India Real Estate Trust,BIRET.NS
REITS_REALTY,DLF Ltd.,DLF.NS
REITS_REALTY,EMBASSY OFFICE PARKS REIT,EMBASSY.NS
REITS_REALTY,Godrej Properties Ltd.,GODREJPROP.NS
REITS_REALTY,Knowledge Realty Trust,KRT.NS
REITS_REALTY,Lodha Developers Ltd.,LODHA.NS
REITS_REALTY,MINDSPACE BUSINESS PARKS REIT,MINDSPACE.NS
REITS_REALTY,Nexus Select Trust,NXST.NS
REITS_REALTY,Oberoi Realty Ltd.,OBEROIRLTY.NS
REITS_REALTY,Phoenix Mills Ltd.,PHOENIXLTD.NS
REITS_REALTY,Prestige Estates Projects Ltd.,PRESTIGE.NS
REITS_REALTY,Sobha Ltd.,SOBHA.NS
RETAIL,Aditya Birla Fashion and Retail Ltd.,ABFRL.NS
RETAIL,Aditya Birla Lifestyle Brands Ltd.,ABLBL.NS
RETAIL,Aditya Vision Ltd.,AVL.NS
RETAIL,Arvind Fashions Ltd.,ARVINDFASN.NS
RETAIL,Avenue Supermarts Ltd.,DMART.NS
RETAIL,Brainbees Solutions Ltd.,FIRSTCRY.NS
RETAIL,Cartrade Tech Ltd.,CARTRADE.NS
RETAIL,Crizac Ltd.,CRIZAC.NS
RETAIL,Electronics Mart India Ltd.,EMIL.NS
RETAIL,Entero Healthcare Solutions Ltd.,ENTERO.NS
RETAIL,Eternal Ltd.,ETERNAL.NS
RETAIL,FSN E-Commerce Ventures Ltd.,NYKAA.NS
RETAIL,Indiamart Intermesh Ltd.,INDIAMART.NS
RETAIL,Info Edge (India) Ltd.,NAUKRI.NS
RETAIL,Justdial Ltd.,JUSTDIAL.NS
RETAIL,Lenskart Solutions Ltd.,LENSKART.NS
RETAIL,Medplus Health Services Ltd.,MEDPLUS.NS
RETAIL,Meesho Ltd.,MEESHO.NS
RETAIL,RattanIndia Enterprises Ltd.,RTNINDIA.NS
RETAIL,Swiggy Ltd.,SWIGGY.NS
RETAIL,Trent Ltd.,TRENT.NS
RETAIL,Urban Company Ltd.,URBANCO.NS
RETAIL,V-Mart Retail Ltd.,VMART.NS
RETAIL,V2 Retail Ltd.,V2RETAIL.NS
RETAIL,Vedant Fashions Ltd.,MANYAVAR.NS
RETAIL,Vishal Mega Mart Ltd.,VMM.NS
TELECOMMUNICATIONS,Bharti Airtel Ltd.,BHARTIARTL.NS
TELECOMMUNICATIONS,Bharti Hexacom Ltd.,BHARTIHEXA.NS
TELECOMMUNICATIONS,HFCL Ltd.,HFCL.NS
TELECOMMUNICATIONS,ITI Ltd.,ITI.NS
TELECOMMUNICATIONS,Indus Towers Ltd.,INDUSTOWER.NS
TELECOMMUNICATIONS,Optiemus Infracom Ltd.,OPTIEMUS.NS
TELECOMMUNICATIONS,Railtel Corporation Of India Ltd.,RAILTEL.NS
TELECOMMUNICATIONS,Route Mobile Ltd.,ROUTE.NS
TELECOMMUNICATIONS,Sterlite Technologies Ltd.,STLTECH.NS
TELECOMMUNICATIONS,Tata Communications Ltd.,TATACOMM.NS
TELECOMMUNICATIONS,Tata Teleservices (Maharashtra) Ltd.,TTML.NS
TELECOMMUNICATIONS,Tejas Networks Ltd.,TEJASNET.NS
TELECOMMUNICATIONS,Vodafone Idea Ltd.,IDEA.NS
